{"stats":{"minecraft:dropped":{"minecraft:stick":2},"minecraft:mined":{"minecraft:oak_log":4,"minecraft:potatoes":6,"minecraft:red_carpet":1,"minecraft:carrots":5,"minecraft:wheat":124,"minecraft:oak_leaves":1,"minecraft:wall_torch":1,"minecraft:short_grass":3},"minecraft:used":{"minecraft:wheat_seeds":65,"minecraft:red_carpet":1,"minecraft:carrot":5,"minecraft:oak_log":1},"minecraft:custom":{"minecraft:open_barrel":12,"minecraft:time_since_rest":11273,"minecraft:open_chest":7,"minecraft:walk_one_cm":55638,"minecraft:play_time":11273,"minecraft:sprint_one_cm":40417,"minecraft:damage_taken":124,"minecraft:drop":2,"minecraft:jump":173,"minecraft:damage_dealt":40,"minecraft:time_since_death":11273,"minecraft:total_world_time":11273,"minecraft:climb_one_cm":5097,"minecraft:fall_one_cm":6445,"minecraft:fly_one_cm":44291},"minecraft:picked_up":{"minecraft:stick":2,"minecraft:wheat":123,"minecraft:red_carpet":1,"minecraft:wheat_seeds":333,"minecraft:potato":22,"minecraft:oak_log":4,"minecraft:carrot":18}},"DataVersion":3953}