{"stats":{"minecraft:dropped":{"minecraft:short_grass":8,"minecraft:oak_log":4,"minecraft:diamond":1,"minecraft:oak_planks":18,"minecraft:stripped_oak_log":4,"minecraft:coal":3,"minecraft:stick":2,"minecraft:potato":1,"minecraft:charcoal":1,"minecraft:white_wool":1},"minecraft:mined":{"minecraft:red_carpet":1,"minecraft:red_bed":3,"minecraft:spruce_trapdoor":2,"minecraft:short_grass":23,"minecraft:decorated_pot":1,"minecraft:wall_torch":1,"minecraft:carrots":5,"minecraft:wheat":124,"minecraft:potatoes":6,"minecraft:oak_log":8,"minecraft:flowering_azalea_leaves":1,"minecraft:stripped_oak_log":4,"minecraft:white_wool":1,"minecraft:oak_leaves":1},"minecraft:crafted":{"travelersbackpack:hose_nozzle":1,"minecraft:clock":1,"minecraft:stick":4,"minecraft:wooden_axe":1,"minecraft:shears":1,"travelersbackpack:hose":1},"minecraft:used":{"minecraft:wheat_seeds":65,"minecraft:decorated_pot":1,"minecraft:white_wool":1,"minecraft:mutton":1,"minecraft:crafting_table":1,"minecraft:red_bed":2,"minecraft:carrot":7,"minecraft:shears":8,"minecraft:oak_log":4,"minecraft:wooden_axe":13,"minecraft:flowering_azalea_leaves":6,"minecraft:red_carpet":1},"minecraft:custom":{"minecraft:mob_kills":1,"minecraft:interact_with_crafting_table":16,"minecraft:open_barrel":14,"minecraft:time_since_death":1666,"minecraft:sleep_in_bed":2,"minecraft:climb_one_cm":11041,"minecraft:time_since_rest":1065,"minecraft:sprint_one_cm":99820,"minecraft:damage_taken":905,"minecraft:walk_one_cm":110613,"minecraft:drop":11,"minecraft:damage_dealt":285,"minecraft:fly_one_cm":73938,"minecraft:player_kills":1,"minecraft:open_chest":13,"minecraft:play_time":35273,"minecraft:deaths":3,"minecraft:jump":312,"minecraft:total_world_time":35273,"minecraft:fall_one_cm":11703},"minecraft:killed_by":{"minecraft:player":3},"minecraft:killed":{"minecraft:spider":1,"minecraft:player":1},"minecraft:picked_up":{"minecraft:wooden_axe":1,"minecraft:stripped_oak_log":12,"minecraft:charcoal":4,"minecraft:crafting_table":1,"minecraft:wheat":492,"minecraft:leather_chestplate":3,"minecraft:clock":1,"minecraft:potato":97,"minecraft:enchanted_book":8,"minecraft:oak_log":12,"minecraft:oak_trapdoor":1,"minecraft:red_bed":2,"minecraft:red_carpet":1,"minecraft:apple":18,"minecraft:wheat_seeds":1137,"minecraft:iron_ingot":28,"minecraft:oak_planks":27,"minecraft:spruce_trapdoor":2,"minecraft:green_dye":184,"minecraft:stick":8,"minecraft:spyglass":3,"minecraft:carrot":51,"minecraft:redstone":1,"minecraft:spider_eye":4,"travelersbackpack:hose":2,"minecraft:oak_wood":3,"minecraft:decorated_pot":1,"minecraft:short_grass":8,"minecraft:shears":2,"minecraft:emerald":27,"minecraft:gold_ingot":8,"minecraft:bread":57,"minecraft:mutton":1,"minecraft:coal":12,"minecraft:white_wool":4}},"DataVersion":3953}