{"stats":{"minecraft:dropped":{"minecraft:diamond":1,"minecraft:oak_planks":18,"minecraft:white_wool":1,"minecraft:stick":2},"minecraft:mined":{"minecraft:red_carpet":1,"minecraft:carrots":5,"minecraft:red_bed":2,"minecraft:wheat":124,"minecraft:spruce_trapdoor":2,"minecraft:short_grass":4,"minecraft:potatoes":6,"minecraft:oak_log":4,"minecraft:decorated_pot":1,"minecraft:flowering_azalea_leaves":1,"minecraft:white_wool":1,"minecraft:oak_leaves":1,"minecraft:wall_torch":1},"minecraft:crafted":{"minecraft:stick":4},"minecraft:used":{"minecraft:oak_log":4,"minecraft:wheat_seeds":65,"minecraft:decorated_pot":1,"minecraft:flowering_azalea_leaves":6,"minecraft:white_wool":1,"minecraft:red_carpet":1,"minecraft:mutton":1,"minecraft:red_bed":2,"minecraft:carrot":7},"minecraft:custom":{"minecraft:time_since_rest":4495,"minecraft:sprint_one_cm":78084,"minecraft:damage_taken":369,"minecraft:walk_one_cm":77370,"minecraft:mob_kills":1,"minecraft:drop":5,"minecraft:damage_dealt":208,"minecraft:interact_with_crafting_table":3,"minecraft:fly_one_cm":69635,"minecraft:open_barrel":12,"minecraft:open_chest":13,"minecraft:play_time":23273,"minecraft:deaths":1,"minecraft:jump":272,"minecraft:time_since_death":4463,"minecraft:sleep_in_bed":1,"minecraft:climb_one_cm":6201,"minecraft:total_world_time":23273,"minecraft:fall_one_cm":8375},"minecraft:killed_by":{"minecraft:player":1},"minecraft:killed":{"minecraft:spider":1},"minecraft:picked_up":{"minecraft:charcoal":1,"minecraft:stick":2,"minecraft:leather_chestplate":1,"minecraft:wheat":246,"minecraft:spyglass":1,"minecraft:potato":47,"minecraft:enchanted_book":4,"minecraft:oak_log":4,"minecraft:carrot":29,"minecraft:oak_trapdoor":1,"minecraft:spider_eye":2,"minecraft:red_bed":2,"minecraft:red_carpet":1,"minecraft:apple":6,"minecraft:decorated_pot":1,"minecraft:wheat_seeds":601,"minecraft:iron_ingot":12,"minecraft:bread":19,"minecraft:gold_ingot":4,"minecraft:emerald":9,"minecraft:oak_planks":24,"minecraft:coal":3,"minecraft:mutton":1,"minecraft:spruce_trapdoor":2,"minecraft:white_wool":4}},"DataVersion":3953}