{"stats":{"minecraft:dropped":{"minecraft:iron_ingot":1,"minecraft:short_grass":8,"minecraft:oak_log":4,"minecraft:diamond":1,"minecraft:oak_planks":18,"minecraft:stripped_oak_log":4,"minecraft:carrot":11,"minecraft:coal":3,"minecraft:stick":5,"minecraft:potato":1,"minecraft:shield":1,"minecraft:charcoal":1,"minecraft:white_wool":1},"minecraft:mined":{"minecraft:red_carpet":1,"minecraft:red_bed":3,"minecraft:spruce_trapdoor":2,"minecraft:short_grass":26,"minecraft:grass_block":5,"minecraft:decorated_pot":1,"minecraft:wall_torch":1,"minecraft:carrots":5,"minecraft:wheat":124,"minecraft:potatoes":6,"minecraft:oak_log":8,"minecraft:flowering_azalea_leaves":1,"minecraft:dirt":4,"minecraft:stripped_oak_log":4,"minecraft:stone":24,"minecraft:white_wool":1,"minecraft:oak_leaves":1},"minecraft:crafted":{"minecraft:oak_planks":16,"minecraft:iron_sword":1,"travelersbackpack:hose_nozzle":1,"minecraft:clock":1,"minecraft:shield":2,"minecraft:stick":8,"minecraft:iron_pickaxe":1,"minecraft:wooden_axe":1,"minecraft:shears":1,"travelersbackpack:hose":1},"minecraft:used":{"minecraft:wheat_seeds":65,"minecraft:ender_pearl":1,"minecraft:decorated_pot":1,"minecraft:iron_sword":30,"minecraft:white_wool":1,"minecraft:dirt":4,"minecraft:mutton":1,"minecraft:crafting_table":1,"minecraft:red_bed":2,"minecraft:carrot":7,"minecraft:shears":8,"minecraft:oak_log":4,"minecraft:wooden_axe":13,"minecraft:iron_pickaxe":24,"minecraft:flowering_azalea_leaves":6,"minecraft:red_carpet":1},"minecraft:custom":{"minecraft:mob_kills":2,"minecraft:interact_with_crafting_table":22,"minecraft:open_barrel":18,"minecraft:time_since_death":13666,"minecraft:sleep_in_bed":2,"minecraft:climb_one_cm":13547,"minecraft:time_since_rest":13065,"minecraft:sprint_one_cm":134514,"minecraft:damage_taken":1010,"minecraft:walk_one_cm":139255,"minecraft:drop":15,"minecraft:damage_dealt":682,"minecraft:fly_one_cm":90754,"minecraft:player_kills":1,"minecraft:open_chest":13,"minecraft:play_time":47273,"minecraft:deaths":3,"minecraft:walk_under_water_one_cm":144,"minecraft:jump":454,"minecraft:walk_on_water_one_cm":226,"minecraft:total_world_time":47273,"minecraft:fall_one_cm":14749},"minecraft:killed_by":{"minecraft:player":3},"minecraft:killed":{"minecraft:spider":1,"minecraft:player":1,"minecraft:enderman":1},"minecraft:picked_up":{"minecraft:wooden_axe":1,"minecraft:stripped_oak_log":12,"minecraft:charcoal":4,"minecraft:crafting_table":1,"minecraft:wheat":492,"minecraft:leather_chestplate":3,"minecraft:clock":1,"minecraft:potato":97,"minecraft:enchanted_book":8,"minecraft:oak_log":12,"minecraft:dirt":9,"minecraft:oak_trapdoor":1,"minecraft:red_bed":2,"minecraft:red_carpet":1,"minecraft:apple":18,"minecraft:wheat_seeds":1138,"minecraft:iron_ingot":29,"minecraft:oak_planks":27,"minecraft:spruce_trapdoor":2,"minecraft:green_dye":184,"minecraft:stick":8,"minecraft:spyglass":3,"minecraft:carrot":61,"minecraft:redstone":1,"minecraft:spider_eye":4,"travelersbackpack:hose":2,"minecraft:oak_wood":3,"minecraft:decorated_pot":1,"minecraft:short_grass":8,"minecraft:shears":2,"minecraft:emerald":27,"minecraft:gold_ingot":8,"minecraft:bread":57,"minecraft:mutton":1,"minecraft:coal":12,"minecraft:ender_pearl":1,"minecraft:white_wool":4,"minecraft:cobblestone":23}},"DataVersion":3953}