{"stats":{"minecraft:dropped":{"minecraft:enchanted_book":2,"minecraft:iron_ingot":1,"minecraft:spyglass":1,"minecraft:wheat_seeds":64,"minecraft:oak_trapdoor":1,"minecraft:rotten_flesh":1,"minecraft:oak_planks":27,"minecraft:stripped_oak_log":8,"minecraft:carrot":11,"minecraft:coal":3,"minecraft:emerald":1,"minecraft:green_dye":124,"minecraft:oak_wood":3,"minecraft:charcoal":1,"minecraft:white_wool":1,"minecraft:gold_ingot":2,"minecraft:redstone":1},"minecraft:mined":{"minecraft:brown_carpet":4,"minecraft:dandelion":2,"visualworkbench:minecraft/crafting_table":1,"minecraft:crafting_table":1,"minecraft:short_grass":16,"minecraft:decorated_pot":2,"minecraft:lectern":2,"minecraft:tall_grass":4,"minecraft:grindstone":1,"minecraft:cartography_table":1,"minecraft:wall_torch":1,"minecraft:pink_petals":1,"minecraft:andesite":3,"minecraft:oak_log":6,"minecraft:vine":42,"minecraft:tripwire":2},"minecraft:crafted":{"minecraft:oak_planks":20,"minecraft:diamond_sword":1,"minecraft:oak_wood":3,"minecraft:yellow_dye":2,"minecraft:shield":1,"minecraft:stick":4,"minecraft:iron_pickaxe":1},"minecraft:used":{"minecraft:short_grass":8,"minecraft:oak_trapdoor":1,"minecraft:decorated_pot":2,"minecraft:shield":1,"minecraft:torch":2,"minecraft:golden_apple":1,"minecraft:spyglass":2,"minecraft:crafting_table":1,"minecraft:red_bed":1,"minecraft:oak_log":1,"minecraft:apple":6,"minecraft:bread":4,"minecraft:string":2,"minecraft:iron_pickaxe":8,"minecraft:diamond_sword":19,"minecraft:brown_carpet":4,"minecraft:grindstone":1,"minecraft:potato":6,"minecraft:splash_potion":1},"minecraft:custom":{"minecraft:mob_kills":3,"minecraft:interact_with_crafting_table":15,"minecraft:open_barrel":28,"minecraft:pot_flower":1,"minecraft:time_since_death":7083,"minecraft:sleep_in_bed":4,"minecraft:climb_one_cm":13383,"minecraft:time_since_rest":1065,"minecraft:sprint_one_cm":151394,"minecraft:damage_absorbed":40,"minecraft:damage_taken":715,"minecraft:walk_one_cm":59317,"minecraft:damage_blocked_by_shield":30,"minecraft:drop":110,"minecraft:damage_dealt":890,"minecraft:fly_one_cm":106008,"minecraft:player_kills":3,"minecraft:open_chest":7,"minecraft:crouch_one_cm":2906,"minecraft:play_time":35665,"minecraft:deaths":1,"minecraft:sneak_time":978,"minecraft:jump":475,"minecraft:interact_with_brewingstand":1,"minecraft:total_world_time":35665,"minecraft:fall_one_cm":14647},"minecraft:killed_by":{"minecraft:player":1},"minecraft:killed":{"minecraft:wolf":1,"minecraft:skeleton":2,"minecraft:player":3},"minecraft:picked_up":{"minecraft:charcoal":2,"minecraft:pink_petals":3,"minecraft:crafting_table":1,"minecraft:wheat":2,"minecraft:clock":1,"minecraft:andesite":6,"minecraft:yellow_dye":2,"minecraft:diamond_sword":1,"minecraft:potato":12,"minecraft:oak_log":10,"minecraft:shield":1,"minecraft:red_bed":1,"minecraft:map":2,"minecraft:oak_trapdoor":2,"minecraft:string":12,"minecraft:paper":15,"minecraft:compass":6,"minecraft:bone":8,"minecraft:apple":12,"minecraft:gold_nugget":15,"minecraft:wheat_seeds":80,"minecraft:cartography_table":2,"minecraft:grindstone":1,"minecraft:iron_pickaxe":1,"minecraft:lectern":4,"minecraft:sugar_cane":3,"minecraft:oak_planks":29,"minecraft:spruce_trapdoor":4,"minecraft:green_dye":60,"minecraft:book":7,"minecraft:stick":1,"minecraft:torch":2,"minecraft:dandelion":2,"minecraft:spyglass":1,"minecraft:carrot":11,"minecraft:redstone":1,"minecraft:brown_carpet":4,"minecraft:arrow":9,"minecraft:diamond":1,"minecraft:decorated_pot":2,"minecraft:short_grass":16,"minecraft:emerald":3,"minecraft:gold_ingot":2,"minecraft:bread":2,"minecraft:oak_sapling":3,"minecraft:coal":11,"minecraft:white_wool":2,"minecraft:cobblestone":8,"minecraft:stripped_oak_log":8}},"DataVersion":3953}