{"stats":{"minecraft:mined":{"minecraft:short_grass":7,"minecraft:decorated_pot":2,"minecraft:vine":42,"minecraft:lectern":2,"minecraft:tall_grass":3,"minecraft:brown_carpet":4,"minecraft:cartography_table":1,"minecraft:crafting_table":1,"minecraft:wall_torch":1,"minecraft:oak_log":6},"minecraft:used":{"minecraft:torch":2,"minecraft:golden_apple":1,"minecraft:brown_carpet":4,"minecraft:crafting_table":1,"minecraft:decorated_pot":2,"minecraft:potato":3,"minecraft:splash_potion":1,"minecraft:oak_log":1},"minecraft:custom":{"minecraft:time_since_rest":11665,"minecraft:open_chest":7,"minecraft:crouch_one_cm":1126,"minecraft:damage_absorbed":40,"minecraft:play_time":11665,"minecraft:sprint_one_cm":62560,"minecraft:damage_taken":290,"minecraft:walk_one_cm":24050,"minecraft:sneak_time":275,"minecraft:jump":219,"minecraft:interact_with_brewingstand":1,"minecraft:damage_dealt":44,"minecraft:time_since_death":11665,"minecraft:total_world_time":11665,"minecraft:climb_one_cm":8045,"minecraft:interact_with_crafting_table":3,"minecraft:fall_one_cm":7371,"minecraft:fly_one_cm":51322,"minecraft:open_barrel":16},"minecraft:picked_up":{"minecraft:brown_carpet":4,"minecraft:crafting_table":1,"minecraft:wheat":1,"minecraft:cartography_table":1,"minecraft:decorated_pot":2,"minecraft:wheat_seeds":2,"minecraft:torch":2,"minecraft:oak_log":6,"minecraft:lectern":2,"minecraft:oak_trapdoor":1}},"DataVersion":3953}