{"stats":{"minecraft:dropped":{"minecraft:enchanted_book":2,"minecraft:iron_ingot":1,"minecraft:spyglass":1,"minecraft:oak_trapdoor":1,"minecraft:rotten_flesh":1,"minecraft:oak_planks":24,"minecraft:white_wool":1,"minecraft:gold_ingot":1,"minecraft:emerald":1},"minecraft:mined":{"minecraft:brown_carpet":4,"minecraft:dandelion":2,"minecraft:crafting_table":1,"minecraft:short_grass":11,"minecraft:oak_log":6,"minecraft:decorated_pot":2,"minecraft:vine":42,"minecraft:lectern":2,"minecraft:tall_grass":4,"minecraft:cartography_table":1,"minecraft:tripwire":2,"minecraft:wall_torch":1},"minecraft:crafted":{"minecraft:oak_planks":20,"minecraft:diamond_sword":1,"minecraft:yellow_dye":2,"minecraft:shield":1,"minecraft:stick":4,"minecraft:iron_pickaxe":1},"minecraft:used":{"minecraft:oak_log":1,"minecraft:apple":3,"minecraft:bread":4,"minecraft:string":2,"minecraft:decorated_pot":2,"minecraft:torch":2,"minecraft:golden_apple":1,"minecraft:diamond_sword":3,"minecraft:brown_carpet":4,"minecraft:crafting_table":1,"minecraft:potato":6,"minecraft:splash_potion":1},"minecraft:custom":{"minecraft:time_since_rest":5496,"minecraft:sprint_one_cm":113325,"minecraft:walk_one_cm":37562,"minecraft:damage_taken":455,"minecraft:damage_absorbed":40,"minecraft:mob_kills":1,"minecraft:drop":16,"minecraft:damage_dealt":219,"minecraft:player_kills":1,"minecraft:interact_with_crafting_table":11,"minecraft:fly_one_cm":93694,"minecraft:open_barrel":18,"minecraft:open_chest":7,"minecraft:crouch_one_cm":2378,"minecraft:play_time":23665,"minecraft:sneak_time":735,"minecraft:jump":383,"minecraft:interact_with_brewingstand":1,"minecraft:time_since_death":23665,"minecraft:climb_one_cm":9787,"minecraft:sleep_in_bed":2,"minecraft:total_world_time":23665,"minecraft:fall_one_cm":11478},"minecraft:killed":{"minecraft:skeleton":1,"minecraft:player":1},"minecraft:picked_up":{"minecraft:crafting_table":1,"minecraft:wheat":1,"minecraft:dandelion":2,"minecraft:torch":2,"minecraft:oak_log":6,"minecraft:string":2,"minecraft:oak_trapdoor":1,"minecraft:brown_carpet":4,"minecraft:bone":3,"minecraft:arrow":4,"minecraft:diamond":1,"minecraft:decorated_pot":2,"minecraft:wheat_seeds":2,"minecraft:cartography_table":1,"minecraft:lectern":2,"minecraft:oak_planks":18,"minecraft:spruce_trapdoor":2,"minecraft:white_wool":1}},"DataVersion":3953}